{"version":1,"latest":{"js/app.js":"js/app-5638c3b037db139e0e8f7d8376d4e2d1.js","css/app.css":"css/app-e29cc58cf3adaa3d52cce91ab4df7ada.css","compra-marcelindo.m4a":"compra-marcelindo-3f687a5c98b30c5f2859e126c396bfdb.m4a","alarms/notification.wav":"alarms/notification-33b79c4813bd8fa05c90c1cdfa760d14.wav","alarms/compra-marcelindo.m4a":"alarms/compra-marcelindo-3f687a5c98b30c5f2859e126c396bfdb.m4a","alarms/compra-marcelindo.aifc":"alarms/compra-marcelindo-32572a9035b4c2249ea5af8f32443764.aifc","alarms/alarm-frenzy.mp3":"alarms/alarm-frenzy-6fe4a3f98a6fa1bd9683acae76b384ba.mp3","alarm-frenzy.mp3":"alarm-frenzy-6fe4a3f98a6fa1bd9683acae76b384ba.mp3"},"digests":{"js/app-5638c3b037db139e0e8f7d8376d4e2d1.js":{"size":607703,"mtime":63682814308,"logical_path":"js/app.js","digest":"5638c3b037db139e0e8f7d8376d4e2d1"},"css/app-e29cc58cf3adaa3d52cce91ab4df7ada.css":{"size":201661,"mtime":63682814308,"logical_path":"css/app.css","digest":"e29cc58cf3adaa3d52cce91ab4df7ada"},"compra-marcelindo-3f687a5c98b30c5f2859e126c396bfdb.m4a":{"size":38579,"mtime":63682814308,"logical_path":"compra-marcelindo.m4a","digest":"3f687a5c98b30c5f2859e126c396bfdb"},"alarms/notification-33b79c4813bd8fa05c90c1cdfa760d14.wav":{"size":434220,"mtime":63682814308,"logical_path":"alarms/notification.wav","digest":"33b79c4813bd8fa05c90c1cdfa760d14"},"alarms/compra-marcelindo-3f687a5c98b30c5f2859e126c396bfdb.m4a":{"size":38579,"mtime":63682814308,"logical_path":"alarms/compra-marcelindo.m4a","digest":"3f687a5c98b30c5f2859e126c396bfdb"},"alarms/compra-marcelindo-32572a9035b4c2249ea5af8f32443764.aifc":{"size":1051648,"mtime":63682814308,"logical_path":"alarms/compra-marcelindo.aifc","digest":"32572a9035b4c2249ea5af8f32443764"},"alarms/alarm-frenzy-6fe4a3f98a6fa1bd9683acae76b384ba.mp3":{"size":41377,"mtime":63682814308,"logical_path":"alarms/alarm-frenzy.mp3","digest":"6fe4a3f98a6fa1bd9683acae76b384ba"},"alarm-frenzy-6fe4a3f98a6fa1bd9683acae76b384ba.mp3":{"size":41377,"mtime":63682814308,"logical_path":"alarm-frenzy.mp3","digest":"6fe4a3f98a6fa1bd9683acae76b384ba"}}}